Year_or_Group,BOD_avg_daily_load_g_p_d,TSS_avg_daily_load_g_p_d,TP_avg_daily_load_g_p_d
2014,84.34252128482972,94.5867383197298,2.7004351201156305
2015,80.67574426229507,94.58821609538005,2.732786316217315
2016,86.19628710408334,93.4669510712573,2.8493638780145956
2017,79.8889285006932,88.78158091908092,2.6556022005772006
Average,82.77587028797532,92.85587160136201,2.7345468787311855
